BATCH,DATE,ACCOUNT,ACCOUNT DESCRIPTION,DR,CR
1,2021-10-22,101,Cash,64653.71,0
1,2021-10-22,301,Owner's Equity,0,64653.71
2,Description:,Sales completed,,,,
3,2021-10-30,103,Inventory,4433.78,0
3,2021-10-30,201,Accounts Payable,0,4433.78
3,Description:,Added to inventory,,,,
4,2021-11-08,201,Accounts Payable,1329.83,0
4,2021-11-08,101,Cash,0,1329.83
4,Description:,Paid off a creditor,,,,
5,2021-11-10,101,Cash,5740.73,0
5,2021-11-10,202,Loan Payable,0,5740.73
5,Description:,Loan account adjustments,,,,
6,2021-11-12,502,Rent Expense,1644.08,0
6,2021-11-12,503,Salary Expense,4835.35,0
6,2021-11-12,101,Cash,0,6479.43
6,Description:,Regular expenses,,,,
6,2021-11-21,301,Owner's Equity,6479.429999999993,0
7,2021-11-21,103,Inventory,530.03,0
7,2021-11-21,201,Accounts Payable,0,530.03
7,Description:,Restocking products,,,,
8,2021-11-24,401,Sales Revenue,0,2147.5
8,2021-11-24,501,Cost of Goods Sold,1825.375,0
8,2021-11-24,103,Inventory,0,1825.375
8,2021-11-24,102,Accounts Receivable,2147.5,0
8,Description:,Items sold,,,,
8,2021-12-04,301,Owner's Equity,0,322.125
9,2021-12-04,101,Cash,9800.85,0
9,2021-12-04,202,Loan Payable,0,9800.85
9,Description:,Loan account adjustments,,,,
10,2021-12-10,401,Sales Revenue,0,1246.93
10,2021-12-10,501,Cost of Goods Sold,1059.8905,0
10,2021-12-10,103,Inventory,0,1059.8905
10,2021-12-10,102,Accounts Receivable,1246.93,0
10,Description:,Items sold,,,,
10,2021-12-19,301,Owner's Equity,0,187.03949999999895
11,2021-12-19,502,Rent Expense,2177.22,0
11,2021-12-19,503,Salary Expense,5072.96,0
11,2021-12-19,101,Cash,0,7250.18
11,Description:,Regular expenses,,,,
11,2021-12-20,301,Owner's Equity,7250.180000000008,0
12,2021-12-20,502,Rent Expense,2966.59,0
12,2021-12-20,503,Salary Expense,6328.82,0
12,2021-12-20,101,Cash,0,9295.41
12,Description:,Regular expenses,,,,
12,2021-12-24,301,Owner's Equity,9295.409999999989,0
13,2021-12-24,201,Accounts Payable,1012.95,0
13,2021-12-24,101,Cash,0,1012.95
13,Description:,Paid off a creditor,,,,
13,2021-12-30,301,Owner's Equity,7.275957614183426e-12,0
14,2021-12-30,103,Inventory,774.0,0
14,2021-12-30,201,Accounts Payable,0,774.0
14,Description:,Added to inventory,,,,
15,Description:,Goods exchanged for money,,,,
16,2022-01-07,201,Accounts Payable,1641.89,0
16,2022-01-07,101,Cash,0,1641.89
16,Description:,Paid off a creditor,,,,
17,2022-01-17,103,Inventory,3317.47,0
17,2022-01-17,201,Accounts Payable,0,3317.47
17,Description:,Added to inventory,,,,
18,2022-01-27,201,Accounts Payable,802.39,0
18,2022-01-27,101,Cash,0,802.39
18,Description:,Reduced payable amount,,,,
19,2022-01-29,401,Sales Revenue,0,1032.25
19,2022-01-29,501,Cost of Goods Sold,877.4125,0
19,2022-01-29,103,Inventory,0,877.4125
19,2022-01-29,101,Cash,1032.25,0
19,Description:,Sales completed,,,,
19,2022-02-02,301,Owner's Equity,0,154.83750000000146
20,2022-02-02,401,Sales Revenue,0,1478.88
20,2022-02-02,501,Cost of Goods Sold,1257.048,0
20,2022-02-02,103,Inventory,0,1257.048
20,2022-02-02,101,Cash,1478.88,0
20,Description:,Goods exchanged for money,,,,
20,2022-02-04,301,Owner's Equity,0,221.83200000000215
21,2022-02-04,103,Inventory,1159.44,0
21,2022-02-04,201,Accounts Payable,0,1159.44
21,Description:,Restocking products,,,,
22,2022-02-12,201,Accounts Payable,1900.71,0
22,2022-02-12,101,Cash,0,1900.71
22,Description:,Debt payment,,,,
23,2022-02-17,101,Cash,8952.27,0
23,2022-02-17,202,Loan Payable,0,8952.27
23,Description:,Bank interactions,,,,
24,2022-02-24,401,Sales Revenue,0,5562.25
24,2022-02-24,501,Cost of Goods Sold,4727.912499999999,0
24,2022-02-24,103,Inventory,0,4727.912499999999
24,2022-02-24,101,Cash,5562.25,0
24,Description:,Items sold,,,,
24,2022-03-02,301,Owner's Equity,0,834.3375000000087
25,Description:,Items sold,,,,
26,Description:,Goods exchanged for money,,,,
27,2022-03-19,103,Inventory,804.68,0
27,2022-03-19,201,Accounts Payable,0,804.68
27,Description:,Added to inventory,,,,
28,2022-03-23,201,Accounts Payable,802.83,0
28,2022-03-23,101,Cash,0,802.83
28,Description:,Debt payment,,,,
28,2022-04-01,301,Owner's Equity,1.4551915228366852e-11,0
29,2022-04-01,502,Rent Expense,2135.73,0
29,2022-04-01,503,Salary Expense,3501.44,0
29,2022-04-01,101,Cash,0,5637.17
29,Description:,Operational costs deducted,,,,
29,2022-04-02,301,Owner's Equity,5637.169999999984,0
30,2022-04-02,101,Cash,6819.8,0
30,2022-04-02,202,Loan Payable,0,6819.8
30,Description:,Loan account adjustments,,,,
30,2022-04-11,301,Owner's Equity,1.4551915228366852e-11,0
31,2022-04-11,103,Inventory,3331.8,0
31,2022-04-11,201,Accounts Payable,0,3331.8
31,Description:,Goods purchased,,,,
32,2022-04-14,103,Inventory,1737.19,0
32,2022-04-14,201,Accounts Payable,0,1737.19
32,Description:,Added to inventory,,,,
33,2022-04-20,502,Rent Expense,1898.34,0
33,2022-04-20,503,Salary Expense,4057.36,0
33,2022-04-20,101,Cash,0,5955.7
33,Description:,Operational costs deducted,,,,
33,2022-04-28,301,Owner's Equity,5955.6999999999825,0
34,2022-04-28,103,Inventory,1693.08,0
34,2022-04-28,201,Accounts Payable,0,1693.08
34,Description:,Goods purchased,,,,
35,2022-05-02,401,Sales Revenue,0,5573.36
35,2022-05-02,501,Cost of Goods Sold,4737.356,0
35,2022-05-02,103,Inventory,0,4737.356
35,2022-05-02,101,Cash,5573.36,0
35,Description:,Items sold,,,,
35,2022-05-04,301,Owner's Equity,0,836.0039999999863
36,Description:,Sales completed,,,,
37,2022-05-07,502,Rent Expense,1417.11,0
37,2022-05-07,503,Salary Expense,4200.59,0
37,2022-05-07,101,Cash,0,5617.7
37,Description:,Monthly bills paid,,,,
37,2022-05-14,301,Owner's Equity,5617.6999999999825,0
38,2022-05-14,201,Accounts Payable,951.27,0
38,2022-05-14,101,Cash,0,951.27
38,Description:,Debt payment,,,,
39,2022-05-21,401,Sales Revenue,0,1042.03
39,2022-05-21,501,Cost of Goods Sold,885.7254999999999,0
39,2022-05-21,103,Inventory,0,885.7254999999999
39,2022-05-21,102,Accounts Receivable,1042.03,0
39,Description:,Items sold,,,,
39,2022-05-27,301,Owner's Equity,0,156.30449999999837
40,2022-05-27,401,Sales Revenue,0,674.82
40,2022-05-27,501,Cost of Goods Sold,573.597,0
40,2022-05-27,103,Inventory,0,573.597
40,2022-05-27,101,Cash,674.82,0
40,Description:,Goods exchanged for money,,,,
40,2022-05-28,301,Owner's Equity,0,101.22300000001269
41,2022-05-28,101,Cash,0,9332.42
41,2022-05-28,202,Loan Payable,9332.42,0
41,Description:,Loan activity,,,,
41,2022-05-30,301,Owner's Equity,7.275957614183426e-12,0
42,Description:,Sales completed,,,,
43,2022-06-09,502,Rent Expense,1316.77,0
43,2022-06-09,503,Salary Expense,5964.97,0
43,2022-06-09,101,Cash,0,7281.74
43,Description:,Regular expenses,,,,
43,2022-06-11,301,Owner's Equity,7281.739999999998,0
44,2022-06-11,201,Accounts Payable,810.99,0
44,2022-06-11,101,Cash,0,810.99
44,Description:,Reduced payable amount,,,,
45,2022-06-18,103,Inventory,4000.16,0
45,2022-06-18,201,Accounts Payable,0,4000.16
45,Description:,Goods purchased,,,,
46,2022-06-28,502,Rent Expense,2176.16,0
46,2022-06-28,503,Salary Expense,6126.79,0
46,2022-06-28,101,Cash,0,8302.95
46,Description:,Regular expenses,,,,
46,2022-07-06,301,Owner's Equity,8302.949999999997,0
47,2022-07-06,101,Cash,6858.76,0
47,2022-07-06,202,Loan Payable,0,6858.76
47,Description:,Loan activity,,,,
47,2022-07-13,301,Owner's Equity,0,7.275957614183426e-12
48,2022-07-13,201,Accounts Payable,1487.04,0
48,2022-07-13,101,Cash,0,1487.04
48,Description:,Debt payment,,,,
48,2022-07-19,301,Owner's Equity,7.275957614183426e-12,0
49,2022-07-19,101,Cash,6595.06,0
49,2022-07-19,202,Loan Payable,0,6595.06
49,Description:,Bank interactions,,,,
50,2022-07-24,101,Cash,7851.3,0
50,2022-07-24,202,Loan Payable,0,7851.3
50,Description:,Bank interactions,,,,
